<?xml version="1.0" encoding="UTF-8"?>
<point_cloud version="1.7.0">
  <params>
    <dataType>uint8</dataType>
    <bands>
      <band label="Red"/>
      <band label="Green"/>
      <band label="Blue"/>
    </bands>
  </params>
  <tracks path="tracks.ply" count="24297"/>
  <points component_id="0" path="points0.ply" count="11125"/>
  <points component_id="1" path="points1.ply" count="5290"/>
  <projections camera_id="0" path="p0.ply" count="41"/>
  <projections camera_id="1" path="p1.ply" count="26"/>
  <projections camera_id="2" path="p2.ply" count="19"/>
  <projections camera_id="3" path="p3.ply" count="21"/>
  <projections camera_id="4" path="p4.ply" count="26"/>
  <projections camera_id="5" path="p5.ply" count="24"/>
  <projections camera_id="6" path="p6.ply" count="31"/>
  <projections camera_id="7" path="p7.ply" count="27"/>
  <projections camera_id="8" path="p8.ply" count="27"/>
  <projections camera_id="9" path="p9.ply" count="23"/>
  <projections camera_id="10" path="p10.ply" count="22"/>
  <projections camera_id="11" path="p11.ply" count="26"/>
  <projections camera_id="12" path="p12.ply" count="33"/>
  <projections camera_id="13" path="p13.ply" count="42"/>
  <projections camera_id="14" path="p14.ply" count="55"/>
  <projections camera_id="15" path="p15.ply" count="62"/>
  <projections camera_id="16" path="p16.ply" count="162"/>
  <projections camera_id="17" path="p17.ply" count="224"/>
  <projections camera_id="18" path="p18.ply" count="242"/>
  <projections camera_id="19" path="p19.ply" count="272"/>
  <projections camera_id="20" path="p20.ply" count="281"/>
  <projections camera_id="21" path="p21.ply" count="285"/>
  <projections camera_id="22" path="p22.ply" count="372"/>
  <projections camera_id="23" path="p23.ply" count="369"/>
  <projections camera_id="24" path="p24.ply" count="321"/>
  <projections camera_id="25" path="p25.ply" count="368"/>
  <projections camera_id="26" path="p26.ply" count="328"/>
  <projections camera_id="27" path="p27.ply" count="360"/>
  <projections camera_id="28" path="p28.ply" count="339"/>
  <projections camera_id="29" path="p29.ply" count="289"/>
  <projections camera_id="30" path="p30.ply" count="273"/>
  <projections camera_id="31" path="p31.ply" count="238"/>
  <projections camera_id="32" path="p32.ply" count="304"/>
  <projections camera_id="33" path="p33.ply" count="224"/>
  <projections camera_id="34" path="p34.ply" count="227"/>
  <projections camera_id="35" path="p35.ply" count="293"/>
  <projections camera_id="36" path="p36.ply" count="284"/>
  <projections camera_id="37" path="p37.ply" count="321"/>
  <projections camera_id="38" path="p38.ply" count="295"/>
  <projections camera_id="39" path="p39.ply" count="287"/>
  <projections camera_id="40" path="p40.ply" count="301"/>
  <projections camera_id="41" path="p41.ply" count="359"/>
  <projections camera_id="42" path="p42.ply" count="231"/>
  <projections camera_id="43" path="p43.ply" count="288"/>
  <projections camera_id="44" path="p44.ply" count="260"/>
  <projections camera_id="45" path="p45.ply" count="242"/>
  <projections camera_id="46" path="p46.ply" count="246"/>
  <projections camera_id="47" path="p47.ply" count="199"/>
  <projections camera_id="48" path="p48.ply" count="159"/>
  <projections camera_id="49" path="p49.ply" count="148"/>
  <projections camera_id="50" path="p50.ply" count="135"/>
  <projections camera_id="51" path="p51.ply" count="126"/>
  <projections camera_id="52" path="p52.ply" count="136"/>
  <projections camera_id="53" path="p53.ply" count="183"/>
  <projections camera_id="54" path="p54.ply" count="226"/>
  <projections camera_id="55" path="p55.ply" count="223"/>
  <projections camera_id="56" path="p56.ply" count="205"/>
  <projections camera_id="57" path="p57.ply" count="213"/>
  <projections camera_id="58" path="p58.ply" count="216"/>
  <projections camera_id="59" path="p59.ply" count="264"/>
  <projections camera_id="60" path="p60.ply" count="317"/>
  <projections camera_id="61" path="p61.ply" count="299"/>
  <projections camera_id="62" path="p62.ply" count="309"/>
  <projections camera_id="63" path="p63.ply" count="253"/>
  <projections camera_id="64" path="p64.ply" count="277"/>
  <projections camera_id="65" path="p65.ply" count="231"/>
  <projections camera_id="66" path="p66.ply" count="263"/>
  <projections camera_id="67" path="p67.ply" count="312"/>
  <projections camera_id="68" path="p68.ply" count="236"/>
  <projections camera_id="69" path="p69.ply" count="243"/>
  <projections camera_id="70" path="p70.ply" count="300"/>
  <projections camera_id="71" path="p71.ply" count="306"/>
  <projections camera_id="72" path="p72.ply" count="256"/>
  <projections camera_id="73" path="p73.ply" count="265"/>
  <projections camera_id="74" path="p74.ply" count="254"/>
  <projections camera_id="75" path="p75.ply" count="271"/>
  <projections camera_id="76" path="p76.ply" count="271"/>
  <projections camera_id="77" path="p77.ply" count="220"/>
  <projections camera_id="78" path="p78.ply" count="238"/>
  <projections camera_id="79" path="p79.ply" count="198"/>
  <projections camera_id="80" path="p80.ply" count="190"/>
  <projections camera_id="81" path="p81.ply" count="210"/>
  <projections camera_id="82" path="p82.ply" count="175"/>
  <projections camera_id="83" path="p83.ply" count="186"/>
  <projections camera_id="84" path="p84.ply" count="188"/>
  <projections camera_id="85" path="p85.ply" count="222"/>
  <projections camera_id="86" path="p86.ply" count="202"/>
  <projections camera_id="87" path="p87.ply" count="213"/>
  <projections camera_id="88" path="p88.ply" count="288"/>
  <projections camera_id="89" path="p89.ply" count="271"/>
  <projections camera_id="90" path="p90.ply" count="274"/>
  <projections camera_id="91" path="p91.ply" count="270"/>
  <projections camera_id="92" path="p92.ply" count="285"/>
  <projections camera_id="93" path="p93.ply" count="267"/>
  <projections camera_id="94" path="p94.ply" count="304"/>
  <projections camera_id="95" path="p95.ply" count="310"/>
  <projections camera_id="96" path="p96.ply" count="326"/>
  <projections camera_id="97" path="p97.ply" count="250"/>
  <projections camera_id="98" path="p98.ply" count="206"/>
  <projections camera_id="99" path="p99.ply" count="217"/>
  <projections camera_id="100" path="p100.ply" count="209"/>
  <projections camera_id="101" path="p101.ply" count="231"/>
  <projections camera_id="102" path="p102.ply" count="271"/>
  <projections camera_id="103" path="p103.ply" count="241"/>
  <projections camera_id="104" path="p104.ply" count="250"/>
  <projections camera_id="105" path="p105.ply" count="266"/>
  <projections camera_id="106" path="p106.ply" count="189"/>
  <projections camera_id="107" path="p107.ply" count="190"/>
  <projections camera_id="108" path="p108.ply" count="176"/>
  <projections camera_id="109" path="p109.ply" count="150"/>
  <projections camera_id="110" path="p110.ply" count="175"/>
  <projections camera_id="111" path="p111.ply" count="229"/>
  <projections camera_id="112" path="p112.ply" count="237"/>
  <projections camera_id="113" path="p113.ply" count="208"/>
  <projections camera_id="114" path="p114.ply" count="227"/>
  <projections camera_id="115" path="p115.ply" count="252"/>
  <projections camera_id="116" path="p116.ply" count="183"/>
  <projections camera_id="117" path="p117.ply" count="166"/>
  <projections camera_id="118" path="p118.ply" count="261"/>
  <projections camera_id="119" path="p119.ply" count="303"/>
  <projections camera_id="120" path="p120.ply" count="291"/>
  <projections camera_id="121" path="p121.ply" count="299"/>
  <projections camera_id="122" path="p122.ply" count="261"/>
  <projections camera_id="123" path="p123.ply" count="242"/>
  <projections camera_id="124" path="p124.ply" count="282"/>
  <projections camera_id="125" path="p125.ply" count="206"/>
  <projections camera_id="126" path="p126.ply" count="328"/>
  <projections camera_id="127" path="p127.ply" count="354"/>
  <projections camera_id="128" path="p128.ply" count="302"/>
  <projections camera_id="129" path="p129.ply" count="260"/>
  <projections camera_id="130" path="p130.ply" count="265"/>
  <projections camera_id="131" path="p131.ply" count="282"/>
  <projections camera_id="132" path="p132.ply" count="215"/>
  <projections camera_id="133" path="p133.ply" count="224"/>
  <projections camera_id="134" path="p134.ply" count="244"/>
  <projections camera_id="135" path="p135.ply" count="181"/>
  <projections camera_id="136" path="p136.ply" count="128"/>
  <projections camera_id="137" path="p137.ply" count="121"/>
  <projections camera_id="138" path="p138.ply" count="147"/>
  <projections camera_id="139" path="p139.ply" count="138"/>
  <projections camera_id="140" path="p140.ply" count="149"/>
  <projections camera_id="141" path="p141.ply" count="150"/>
  <projections camera_id="142" path="p142.ply" count="186"/>
  <projections camera_id="143" path="p143.ply" count="212"/>
  <projections camera_id="144" path="p144.ply" count="163"/>
  <projections camera_id="145" path="p145.ply" count="189"/>
  <projections camera_id="146" path="p146.ply" count="121"/>
  <projections camera_id="147" path="p147.ply" count="121"/>
  <projections camera_id="148" path="p148.ply" count="112"/>
  <projections camera_id="149" path="p149.ply" count="157"/>
  <projections camera_id="150" path="p150.ply" count="204"/>
  <projections camera_id="151" path="p151.ply" count="159"/>
  <projections camera_id="152" path="p152.ply" count="182"/>
  <projections camera_id="153" path="p153.ply" count="157"/>
  <projections camera_id="154" path="p154.ply" count="263"/>
  <projections camera_id="155" path="p155.ply" count="341"/>
  <projections camera_id="156" path="p156.ply" count="368"/>
  <projections camera_id="157" path="p157.ply" count="315"/>
  <projections camera_id="158" path="p158.ply" count="211"/>
  <projections camera_id="159" path="p159.ply" count="208"/>
  <projections camera_id="160" path="p160.ply" count="92"/>
  <projections camera_id="161" path="p161.ply" count="87"/>
  <projections camera_id="162" path="p162.ply" count="154"/>
  <projections camera_id="163" path="p163.ply" count="272"/>
  <projections camera_id="164" path="p164.ply" count="294"/>
  <projections camera_id="165" path="p165.ply" count="242"/>
  <projections camera_id="166" path="p166.ply" count="298"/>
  <projections camera_id="167" path="p167.ply" count="374"/>
  <projections camera_id="168" path="p168.ply" count="273"/>
  <projections camera_id="169" path="p169.ply" count="362"/>
  <projections camera_id="170" path="p170.ply" count="408"/>
  <projections camera_id="171" path="p171.ply" count="428"/>
  <projections camera_id="172" path="p172.ply" count="510"/>
  <projections camera_id="173" path="p173.ply" count="674"/>
  <projections camera_id="174" path="p174.ply" count="782"/>
  <projections camera_id="175" path="p175.ply" count="659"/>
  <projections camera_id="176" path="p176.ply" count="573"/>
  <projections camera_id="177" path="p177.ply" count="745"/>
  <projections camera_id="178" path="p178.ply" count="707"/>
  <projections camera_id="179" path="p179.ply" count="787"/>
  <projections camera_id="180" path="p180.ply" count="369"/>
  <projections camera_id="181" path="p181.ply" count="306"/>
  <projections camera_id="182" path="p182.ply" count="537"/>
  <projections camera_id="183" path="p183.ply" count="621"/>
  <projections camera_id="184" path="p184.ply" count="490"/>
  <projections camera_id="185" path="p185.ply" count="614"/>
  <projections camera_id="186" path="p186.ply" count="620"/>
  <projections camera_id="187" path="p187.ply" count="333"/>
  <projections camera_id="188" path="p188.ply" count="225"/>
  <projections camera_id="189" path="p189.ply" count="304"/>
  <projections camera_id="190" path="p190.ply" count="445"/>
  <projections camera_id="191" path="p191.ply" count="421"/>
  <projections camera_id="192" path="p192.ply" count="486"/>
  <projections camera_id="193" path="p193.ply" count="322"/>
  <projections camera_id="194" path="p194.ply" count="413"/>
  <projections camera_id="195" path="p195.ply" count="351"/>
  <projections camera_id="196" path="p196.ply" count="243"/>
  <projections camera_id="197" path="p197.ply" count="201"/>
  <projections camera_id="198" path="p198.ply" count="126"/>
  <projections camera_id="199" path="p199.ply" count="99"/>
  <projections camera_id="200" path="p200.ply" count="103"/>
  <projections camera_id="201" path="p201.ply" count="111"/>
  <projections camera_id="202" path="p202.ply" count="260"/>
  <projections camera_id="203" path="p203.ply" count="267"/>
  <projections camera_id="204" path="p204.ply" count="270"/>
  <projections camera_id="205" path="p205.ply" count="246"/>
  <projections camera_id="206" path="p206.ply" count="385"/>
  <projections camera_id="207" path="p207.ply" count="419"/>
  <projections camera_id="208" path="p208.ply" count="233"/>
  <projections camera_id="209" path="p209.ply" count="193"/>
  <projections camera_id="210" path="p210.ply" count="119"/>
  <projections camera_id="211" path="p211.ply" count="118"/>
  <projections camera_id="212" path="p212.ply" count="83"/>
  <projections camera_id="213" path="p213.ply" count="78"/>
  <projections camera_id="214" path="p214.ply" count="87"/>
  <projections camera_id="215" path="p215.ply" count="78"/>
  <projections camera_id="216" path="p216.ply" count="233"/>
  <projections camera_id="217" path="p217.ply" count="284"/>
  <projections camera_id="218" path="p218.ply" count="271"/>
  <projections camera_id="219" path="p219.ply" count="244"/>
  <projections camera_id="220" path="p220.ply" count="254"/>
  <projections camera_id="221" path="p221.ply" count="270"/>
  <projections camera_id="222" path="p222.ply" count="327"/>
  <projections camera_id="223" path="p223.ply" count="354"/>
  <projections camera_id="224" path="p224.ply" count="288"/>
  <projections camera_id="225" path="p225.ply" count="252"/>
  <projections camera_id="226" path="p226.ply" count="269"/>
  <projections camera_id="227" path="p227.ply" count="282"/>
  <projections camera_id="228" path="p228.ply" count="335"/>
  <projections camera_id="229" path="p229.ply" count="399"/>
  <projections camera_id="230" path="p230.ply" count="337"/>
  <projections camera_id="231" path="p231.ply" count="322"/>
  <projections camera_id="232" path="p232.ply" count="326"/>
  <projections camera_id="233" path="p233.ply" count="325"/>
  <projections camera_id="234" path="p234.ply" count="335"/>
  <projections camera_id="235" path="p235.ply" count="313"/>
  <projections camera_id="236" path="p236.ply" count="273"/>
  <projections camera_id="237" path="p237.ply" count="146"/>
  <projections camera_id="238" path="p238.ply" count="135"/>
  <projections camera_id="239" path="p239.ply" count="107"/>
  <projections camera_id="240" path="p240.ply" count="119"/>
  <projections camera_id="241" path="p241.ply" count="96"/>
  <projections camera_id="242" path="p242.ply" count="119"/>
  <projections camera_id="243" path="p243.ply" count="207"/>
  <projections camera_id="244" path="p244.ply" count="260"/>
  <projections camera_id="245" path="p245.ply" count="319"/>
  <projections camera_id="246" path="p246.ply" count="389"/>
  <projections camera_id="247" path="p247.ply" count="361"/>
  <projections camera_id="248" path="p248.ply" count="410"/>
  <projections camera_id="249" path="p249.ply" count="371"/>
  <projections camera_id="250" path="p250.ply" count="355"/>
  <projections camera_id="251" path="p251.ply" count="383"/>
  <projections camera_id="252" path="p252.ply" count="358"/>
  <projections camera_id="253" path="p253.ply" count="419"/>
  <projections camera_id="254" path="p254.ply" count="332"/>
  <projections camera_id="255" path="p255.ply" count="367"/>
  <projections camera_id="256" path="p256.ply" count="335"/>
  <projections camera_id="257" path="p257.ply" count="383"/>
  <projections camera_id="258" path="p258.ply" count="331"/>
  <projections camera_id="259" path="p259.ply" count="337"/>
  <projections camera_id="260" path="p260.ply" count="383"/>
  <projections camera_id="261" path="p261.ply" count="351"/>
  <projections camera_id="262" path="p262.ply" count="181"/>
  <projections camera_id="263" path="p263.ply" count="142"/>
  <projections camera_id="264" path="p264.ply" count="116"/>
  <projections camera_id="265" path="p265.ply" count="85"/>
  <projections camera_id="266" path="p266.ply" count="98"/>
  <projections camera_id="267" path="p267.ply" count="83"/>
  <projections camera_id="268" path="p268.ply" count="111"/>
  <projections camera_id="269" path="p269.ply" count="240"/>
  <projections camera_id="270" path="p270.ply" count="306"/>
  <projections camera_id="271" path="p271.ply" count="387"/>
  <projections camera_id="272" path="p272.ply" count="438"/>
  <projections camera_id="273" path="p273.ply" count="458"/>
  <projections camera_id="274" path="p274.ply" count="390"/>
  <projections camera_id="275" path="p275.ply" count="354"/>
  <projections camera_id="276" path="p276.ply" count="355"/>
  <projections camera_id="277" path="p277.ply" count="404"/>
  <projections camera_id="278" path="p278.ply" count="412"/>
  <projections camera_id="279" path="p279.ply" count="375"/>
  <projections camera_id="280" path="p280.ply" count="379"/>
  <projections camera_id="281" path="p281.ply" count="334"/>
  <projections camera_id="282" path="p282.ply" count="156"/>
  <projections camera_id="283" path="p283.ply" count="129"/>
  <projections camera_id="284" path="p284.ply" count="98"/>
  <projections camera_id="285" path="p285.ply" count="80"/>
  <projections camera_id="286" path="p286.ply" count="65"/>
  <projections camera_id="287" path="p287.ply" count="75"/>
  <projections camera_id="288" path="p288.ply" count="75"/>
  <projections camera_id="289" path="p289.ply" count="63"/>
  <projections camera_id="290" path="p290.ply" count="184"/>
  <projections camera_id="291" path="p291.ply" count="240"/>
  <projections camera_id="292" path="p292.ply" count="198"/>
  <projections camera_id="293" path="p293.ply" count="257"/>
  <projections camera_id="294" path="p294.ply" count="290"/>
  <projections camera_id="295" path="p295.ply" count="355"/>
  <projections camera_id="296" path="p296.ply" count="352"/>
  <projections camera_id="297" path="p297.ply" count="336"/>
  <projections camera_id="298" path="p298.ply" count="321"/>
  <projections camera_id="299" path="p299.ply" count="335"/>
  <meta>
    <property name="Info/LastSavedDateTime" value="2025:09:20 16:05:18"/>
    <property name="Info/LastSavedSoftwareVersion" value="2.0.4.17156"/>
    <property name="Info/OriginalDateTime" value="2025:09:20 15:58:09"/>
    <property name="Info/OriginalSoftwareVersion" value="2.0.4.17156"/>
    <property name="MatchPhotos/cameras" value=""/>
    <property name="MatchPhotos/descriptor_type" value="binary"/>
    <property name="MatchPhotos/descriptor_version" value="1.1.0"/>
    <property name="MatchPhotos/downscale" value="2"/>
    <property name="MatchPhotos/duration" value="15.532"/>
    <property name="MatchPhotos/filter_stationary_points" value="true"/>
    <property name="MatchPhotos/generic_preselection" value="true"/>
    <property name="MatchPhotos/guided_matching" value="false"/>
    <property name="MatchPhotos/keep_keypoints" value="false"/>
    <property name="MatchPhotos/keypoint_limit" value="40000"/>
    <property name="MatchPhotos/keypoint_limit_per_mpx" value="1000"/>
    <property name="MatchPhotos/max_workgroup_size" value="100"/>
    <property name="MatchPhotos/ram_used" value="502292480"/>
    <property name="MatchPhotos/reference_preselection" value="true"/>
    <property name="MatchPhotos/reference_preselection_mode" value="0"/>
    <property name="MatchPhotos/reset_matches" value="false"/>
    <property name="MatchPhotos/subdivide_task" value="true"/>
    <property name="MatchPhotos/tiepoint_limit" value="4000"/>
    <property name="MatchPhotos/workitem_size_cameras" value="20"/>
    <property name="MatchPhotos/workitem_size_pairs" value="80"/>
  </meta>
</point_cloud>
