<?xml version="1.0" encoding="UTF-8"?>
<point_cloud version="1.2.0">
  <params>
    <dataType>uint8</dataType>
    <bands>
      <band label="Red"/>
      <band label="Green"/>
      <band label="Blue"/>
    </bands>
  </params>
  <tracks path="tracks.ply" count="7027"/>
  <points component_id="0" path="points0.ply" count="5003"/>
  <projections camera_id="0" path="p0.ply" count="168"/>
  <projections camera_id="1" path="p1.ply" count="138"/>
  <projections camera_id="2" path="p2.ply" count="149"/>
  <projections camera_id="3" path="p3.ply" count="177"/>
  <projections camera_id="4" path="p4.ply" count="310"/>
  <projections camera_id="5" path="p5.ply" count="423"/>
  <projections camera_id="6" path="p6.ply" count="428"/>
  <projections camera_id="7" path="p7.ply" count="464"/>
  <projections camera_id="8" path="p8.ply" count="313"/>
  <projections camera_id="9" path="p9.ply" count="329"/>
  <projections camera_id="10" path="p10.ply" count="319"/>
  <projections camera_id="11" path="p11.ply" count="225"/>
  <projections camera_id="12" path="p12.ply" count="320"/>
  <projections camera_id="13" path="p13.ply" count="345"/>
  <projections camera_id="14" path="p14.ply" count="383"/>
  <projections camera_id="15" path="p15.ply" count="299"/>
  <projections camera_id="16" path="p16.ply" count="325"/>
  <projections camera_id="17" path="p17.ply" count="195"/>
  <projections camera_id="18" path="p18.ply" count="232"/>
  <projections camera_id="19" path="p19.ply" count="245"/>
  <projections camera_id="20" path="p20.ply" count="277"/>
  <projections camera_id="21" path="p21.ply" count="310"/>
  <projections camera_id="22" path="p22.ply" count="317"/>
  <projections camera_id="23" path="p23.ply" count="245"/>
  <projections camera_id="24" path="p24.ply" count="259"/>
  <projections camera_id="25" path="p25.ply" count="310"/>
  <projections camera_id="26" path="p26.ply" count="324"/>
  <projections camera_id="27" path="p27.ply" count="460"/>
  <projections camera_id="28" path="p28.ply" count="332"/>
  <projections camera_id="29" path="p29.ply" count="479"/>
  <projections camera_id="30" path="p30.ply" count="435"/>
  <projections camera_id="31" path="p31.ply" count="411"/>
  <projections camera_id="32" path="p32.ply" count="508"/>
  <projections camera_id="33" path="p33.ply" count="426"/>
  <projections camera_id="34" path="p34.ply" count="179"/>
  <projections camera_id="35" path="p35.ply" count="323"/>
  <projections camera_id="36" path="p36.ply" count="252"/>
  <projections camera_id="37" path="p37.ply" count="343"/>
  <projections camera_id="38" path="p38.ply" count="376"/>
  <projections camera_id="39" path="p39.ply" count="552"/>
  <projections camera_id="40" path="p40.ply" count="543"/>
  <projections camera_id="41" path="p41.ply" count="273"/>
  <projections camera_id="42" path="p42.ply" count="558"/>
  <projections camera_id="43" path="p43.ply" count="524"/>
  <projections camera_id="44" path="p44.ply" count="547"/>
  <projections camera_id="45" path="p45.ply" count="459"/>
  <projections camera_id="46" path="p46.ply" count="459"/>
  <projections camera_id="47" path="p47.ply" count="490"/>
  <projections camera_id="48" path="p48.ply" count="491"/>
  <projections camera_id="49" path="p49.ply" count="472"/>
  <projections camera_id="50" path="p50.ply" count="515"/>
  <projections camera_id="51" path="p51.ply" count="582"/>
  <projections camera_id="52" path="p52.ply" count="570"/>
  <projections camera_id="53" path="p53.ply" count="614"/>
  <projections camera_id="54" path="p54.ply" count="531"/>
  <projections camera_id="55" path="p55.ply" count="432"/>
  <projections camera_id="56" path="p56.ply" count="496"/>
  <projections camera_id="57" path="p57.ply" count="430"/>
  <projections camera_id="58" path="p58.ply" count="495"/>
  <projections camera_id="59" path="p59.ply" count="380"/>
  <meta>
    <property name="Info/LastSavedDateTime" value="2025:09:20 16:09:27"/>
    <property name="Info/LastSavedSoftwareVersion" value="2.0.4.17156"/>
    <property name="Info/OriginalDateTime" value="2025:09:20 16:07:36"/>
    <property name="Info/OriginalSoftwareVersion" value="2.0.4.17156"/>
    <property name="MatchPhotos/cameras" value=""/>
    <property name="MatchPhotos/descriptor_type" value="binary"/>
    <property name="MatchPhotos/descriptor_version" value="1.1.0"/>
    <property name="MatchPhotos/downscale" value="2"/>
    <property name="MatchPhotos/duration" value="2.162"/>
    <property name="MatchPhotos/filter_stationary_points" value="true"/>
    <property name="MatchPhotos/generic_preselection" value="true"/>
    <property name="MatchPhotos/guided_matching" value="false"/>
    <property name="MatchPhotos/keep_keypoints" value="false"/>
    <property name="MatchPhotos/keypoint_limit" value="40000"/>
    <property name="MatchPhotos/keypoint_limit_per_mpx" value="1000"/>
    <property name="MatchPhotos/max_workgroup_size" value="100"/>
    <property name="MatchPhotos/ram_used" value="321359872"/>
    <property name="MatchPhotos/reference_preselection" value="true"/>
    <property name="MatchPhotos/reference_preselection_mode" value="0"/>
    <property name="MatchPhotos/reset_matches" value="false"/>
    <property name="MatchPhotos/subdivide_task" value="true"/>
    <property name="MatchPhotos/tiepoint_limit" value="4000"/>
    <property name="MatchPhotos/workitem_size_cameras" value="20"/>
    <property name="MatchPhotos/workitem_size_pairs" value="80"/>
  </meta>
</point_cloud>
