<?xml version="1.0" encoding="UTF-8"?>
<frame version="1.2.0">
  <cameras>
    <camera camera_id="0">
      <photo path="../../../frames/frame_0000.jpg">
        <meta>
          <property name="File/ImageHeight" value="1080"/>
          <property name="File/ImageWidth" value="1920"/>
          <property name="System/FileModifyDate" value="2025:09:21 00:09:13"/>
          <property name="System/FileSize" value="473837"/>
        </meta>
      </photo>
    </camera>
    <camera camera_id="1">
      <photo path="../../../frames/frame_0005.jpg">
        <meta>
          <property name="File/ImageHeight" value="1080"/>
          <property name="File/ImageWidth" value="1920"/>
          <property name="System/FileModifyDate" value="2025:09:21 00:09:13"/>
          <property name="System/FileSize" value="477356"/>
        </meta>
      </photo>
    </camera>
    <camera camera_id="2">
      <photo path="../../../frames/frame_0010.jpg">
        <meta>
          <property name="File/ImageHeight" value="1080"/>
          <property name="File/ImageWidth" value="1920"/>
          <property name="System/FileModifyDate" value="2025:09:21 00:09:13"/>
          <property name="System/FileSize" value="475038"/>
        </meta>
      </photo>
    </camera>
    <camera camera_id="3">
      <photo path="../../../frames/frame_0015.jpg">
        <meta>
          <property name="File/ImageHeight" value="1080"/>
          <property name="File/ImageWidth" value="1920"/>
          <property name="System/FileModifyDate" value="2025:09:21 00:09:13"/>
          <property name="System/FileSize" value="472210"/>
        </meta>
      </photo>
    </camera>
    <camera camera_id="4">
      <photo path="../../../frames/frame_0020.jpg">
        <meta>
          <property name="File/ImageHeight" value="1080"/>
          <property name="File/ImageWidth" value="1920"/>
          <property name="System/FileModifyDate" value="2025:09:21 00:09:13"/>
          <property name="System/FileSize" value="360130"/>
        </meta>
      </photo>
    </camera>
    <camera camera_id="5">
      <photo path="../../../frames/frame_0025.jpg">
        <meta>
          <property name="File/ImageHeight" value="1080"/>
          <property name="File/ImageWidth" value="1920"/>
          <property name="System/FileModifyDate" value="2025:09:21 00:09:13"/>
          <property name="System/FileSize" value="352555"/>
        </meta>
      </photo>
    </camera>
    <camera camera_id="6">
      <photo path="../../../frames/frame_0030.jpg">
        <meta>
          <property name="File/ImageHeight" value="1080"/>
          <property name="File/ImageWidth" value="1920"/>
          <property name="System/FileModifyDate" value="2025:09:21 00:09:13"/>
          <property name="System/FileSize" value="380335"/>
        </meta>
      </photo>
    </camera>
    <camera camera_id="7">
      <photo path="../../../frames/frame_0035.jpg">
        <meta>
          <property name="File/ImageHeight" value="1080"/>
          <property name="File/ImageWidth" value="1920"/>
          <property name="System/FileModifyDate" value="2025:09:21 00:09:14"/>
          <property name="System/FileSize" value="371575"/>
        </meta>
      </photo>
    </camera>
    <camera camera_id="8">
      <photo path="../../../frames/frame_0040.jpg">
        <meta>
          <property name="File/ImageHeight" value="1080"/>
          <property name="File/ImageWidth" value="1920"/>
          <property name="System/FileModifyDate" value="2025:09:21 00:09:14"/>
          <property name="System/FileSize" value="330489"/>
        </meta>
      </photo>
    </camera>
    <camera camera_id="9">
      <photo path="../../../frames/frame_0045.jpg">
        <meta>
          <property name="File/ImageHeight" value="1080"/>
          <property name="File/ImageWidth" value="1920"/>
          <property name="System/FileModifyDate" value="2025:09:21 00:09:14"/>
          <property name="System/FileSize" value="336856"/>
        </meta>
      </photo>
    </camera>
    <camera camera_id="10">
      <photo path="../../../frames/frame_0050.jpg">
        <meta>
          <property name="File/ImageHeight" value="1080"/>
          <property name="File/ImageWidth" value="1920"/>
          <property name="System/FileModifyDate" value="2025:09:21 00:09:14"/>
          <property name="System/FileSize" value="330413"/>
        </meta>
      </photo>
    </camera>
    <camera camera_id="11">
      <photo path="../../../frames/frame_0055.jpg">
        <meta>
          <property name="File/ImageHeight" value="1080"/>
          <property name="File/ImageWidth" value="1920"/>
          <property name="System/FileModifyDate" value="2025:09:21 00:09:14"/>
          <property name="System/FileSize" value="302063"/>
        </meta>
      </photo>
    </camera>
    <camera camera_id="12">
      <photo path="../../../frames/frame_0060.jpg">
        <meta>
          <property name="File/ImageHeight" value="1080"/>
          <property name="File/ImageWidth" value="1920"/>
          <property name="System/FileModifyDate" value="2025:09:21 00:09:14"/>
          <property name="System/FileSize" value="312624"/>
        </meta>
      </photo>
    </camera>
    <camera camera_id="13">
      <photo path="../../../frames/frame_0065.jpg">
        <meta>
          <property name="File/ImageHeight" value="1080"/>
          <property name="File/ImageWidth" value="1920"/>
          <property name="System/FileModifyDate" value="2025:09:21 00:09:14"/>
          <property name="System/FileSize" value="317199"/>
        </meta>
      </photo>
    </camera>
    <camera camera_id="14">
      <photo path="../../../frames/frame_0070.jpg">
        <meta>
          <property name="File/ImageHeight" value="1080"/>
          <property name="File/ImageWidth" value="1920"/>
          <property name="System/FileModifyDate" value="2025:09:21 00:09:14"/>
          <property name="System/FileSize" value="324126"/>
        </meta>
      </photo>
    </camera>
    <camera camera_id="15">
      <photo path="../../../frames/frame_0075.jpg">
        <meta>
          <property name="File/ImageHeight" value="1080"/>
          <property name="File/ImageWidth" value="1920"/>
          <property name="System/FileModifyDate" value="2025:09:21 00:09:15"/>
          <property name="System/FileSize" value="347568"/>
        </meta>
      </photo>
    </camera>
    <camera camera_id="16">
      <photo path="../../../frames/frame_0080.jpg">
        <meta>
          <property name="File/ImageHeight" value="1080"/>
          <property name="File/ImageWidth" value="1920"/>
          <property name="System/FileModifyDate" value="2025:09:21 00:09:15"/>
          <property name="System/FileSize" value="346435"/>
        </meta>
      </photo>
    </camera>
    <camera camera_id="17">
      <photo path="../../../frames/frame_0085.jpg">
        <meta>
          <property name="File/ImageHeight" value="1080"/>
          <property name="File/ImageWidth" value="1920"/>
          <property name="System/FileModifyDate" value="2025:09:21 00:09:15"/>
          <property name="System/FileSize" value="338163"/>
        </meta>
      </photo>
    </camera>
    <camera camera_id="18">
      <photo path="../../../frames/frame_0090.jpg">
        <meta>
          <property name="File/ImageHeight" value="1080"/>
          <property name="File/ImageWidth" value="1920"/>
          <property name="System/FileModifyDate" value="2025:09:21 00:09:15"/>
          <property name="System/FileSize" value="312654"/>
        </meta>
      </photo>
    </camera>
    <camera camera_id="19">
      <photo path="../../../frames/frame_0095.jpg">
        <meta>
          <property name="File/ImageHeight" value="1080"/>
          <property name="File/ImageWidth" value="1920"/>
          <property name="System/FileModifyDate" value="2025:09:21 00:09:15"/>
          <property name="System/FileSize" value="355323"/>
        </meta>
      </photo>
    </camera>
    <camera camera_id="20">
      <photo path="../../../frames/frame_0100.jpg">
        <meta>
          <property name="File/ImageHeight" value="1080"/>
          <property name="File/ImageWidth" value="1920"/>
          <property name="System/FileModifyDate" value="2025:09:21 00:09:15"/>
          <property name="System/FileSize" value="358433"/>
        </meta>
      </photo>
    </camera>
    <camera camera_id="21">
      <photo path="../../../frames/frame_0105.jpg">
        <meta>
          <property name="File/ImageHeight" value="1080"/>
          <property name="File/ImageWidth" value="1920"/>
          <property name="System/FileModifyDate" value="2025:09:21 00:09:15"/>
          <property name="System/FileSize" value="369132"/>
        </meta>
      </photo>
    </camera>
    <camera camera_id="22">
      <photo path="../../../frames/frame_0110.jpg">
        <meta>
          <property name="File/ImageHeight" value="1080"/>
          <property name="File/ImageWidth" value="1920"/>
          <property name="System/FileModifyDate" value="2025:09:21 00:09:15"/>
          <property name="System/FileSize" value="381781"/>
        </meta>
      </photo>
    </camera>
    <camera camera_id="23">
      <photo path="../../../frames/frame_0115.jpg">
        <meta>
          <property name="File/ImageHeight" value="1080"/>
          <property name="File/ImageWidth" value="1920"/>
          <property name="System/FileModifyDate" value="2025:09:21 00:09:16"/>
          <property name="System/FileSize" value="365678"/>
        </meta>
      </photo>
    </camera>
    <camera camera_id="24">
      <photo path="../../../frames/frame_0120.jpg">
        <meta>
          <property name="File/ImageHeight" value="1080"/>
          <property name="File/ImageWidth" value="1920"/>
          <property name="System/FileModifyDate" value="2025:09:21 00:09:16"/>
          <property name="System/FileSize" value="360257"/>
        </meta>
      </photo>
    </camera>
    <camera camera_id="25">
      <photo path="../../../frames/frame_0125.jpg">
        <meta>
          <property name="File/ImageHeight" value="1080"/>
          <property name="File/ImageWidth" value="1920"/>
          <property name="System/FileModifyDate" value="2025:09:21 00:09:16"/>
          <property name="System/FileSize" value="313258"/>
        </meta>
      </photo>
    </camera>
    <camera camera_id="26">
      <photo path="../../../frames/frame_0130.jpg">
        <meta>
          <property name="File/ImageHeight" value="1080"/>
          <property name="File/ImageWidth" value="1920"/>
          <property name="System/FileModifyDate" value="2025:09:21 00:09:16"/>
          <property name="System/FileSize" value="406005"/>
        </meta>
      </photo>
    </camera>
    <camera camera_id="27">
      <photo path="../../../frames/frame_0135.jpg">
        <meta>
          <property name="File/ImageHeight" value="1080"/>
          <property name="File/ImageWidth" value="1920"/>
          <property name="System/FileModifyDate" value="2025:09:21 00:09:16"/>
          <property name="System/FileSize" value="414048"/>
        </meta>
      </photo>
    </camera>
    <camera camera_id="28">
      <photo path="../../../frames/frame_0140.jpg">
        <meta>
          <property name="File/ImageHeight" value="1080"/>
          <property name="File/ImageWidth" value="1920"/>
          <property name="System/FileModifyDate" value="2025:09:21 00:09:16"/>
          <property name="System/FileSize" value="362218"/>
        </meta>
      </photo>
    </camera>
    <camera camera_id="29">
      <photo path="../../../frames/frame_0145.jpg">
        <meta>
          <property name="File/ImageHeight" value="1080"/>
          <property name="File/ImageWidth" value="1920"/>
          <property name="System/FileModifyDate" value="2025:09:21 00:09:16"/>
          <property name="System/FileSize" value="418796"/>
        </meta>
      </photo>
    </camera>
    <camera camera_id="30">
      <photo path="../../../frames/frame_0150.jpg">
        <meta>
          <property name="File/ImageHeight" value="1080"/>
          <property name="File/ImageWidth" value="1920"/>
          <property name="System/FileModifyDate" value="2025:09:21 00:09:16"/>
          <property name="System/FileSize" value="339108"/>
        </meta>
      </photo>
    </camera>
    <camera camera_id="31">
      <photo path="../../../frames/frame_0155.jpg">
        <meta>
          <property name="File/ImageHeight" value="1080"/>
          <property name="File/ImageWidth" value="1920"/>
          <property name="System/FileModifyDate" value="2025:09:21 00:09:17"/>
          <property name="System/FileSize" value="336118"/>
        </meta>
      </photo>
    </camera>
    <camera camera_id="32">
      <photo path="../../../frames/frame_0160.jpg">
        <meta>
          <property name="File/ImageHeight" value="1080"/>
          <property name="File/ImageWidth" value="1920"/>
          <property name="System/FileModifyDate" value="2025:09:21 00:09:17"/>
          <property name="System/FileSize" value="419653"/>
        </meta>
      </photo>
    </camera>
    <camera camera_id="33">
      <photo path="../../../frames/frame_0165.jpg">
        <meta>
          <property name="File/ImageHeight" value="1080"/>
          <property name="File/ImageWidth" value="1920"/>
          <property name="System/FileModifyDate" value="2025:09:21 00:09:17"/>
          <property name="System/FileSize" value="408767"/>
        </meta>
      </photo>
    </camera>
    <camera camera_id="34">
      <photo path="../../../frames/frame_0170.jpg">
        <meta>
          <property name="File/ImageHeight" value="1080"/>
          <property name="File/ImageWidth" value="1920"/>
          <property name="System/FileModifyDate" value="2025:09:21 00:09:17"/>
          <property name="System/FileSize" value="288066"/>
        </meta>
      </photo>
    </camera>
    <camera camera_id="35">
      <photo path="../../../frames/frame_0175.jpg">
        <meta>
          <property name="File/ImageHeight" value="1080"/>
          <property name="File/ImageWidth" value="1920"/>
          <property name="System/FileModifyDate" value="2025:09:21 00:09:17"/>
          <property name="System/FileSize" value="284188"/>
        </meta>
      </photo>
    </camera>
    <camera camera_id="36">
      <photo path="../../../frames/frame_0180.jpg">
        <meta>
          <property name="File/ImageHeight" value="1080"/>
          <property name="File/ImageWidth" value="1920"/>
          <property name="System/FileModifyDate" value="2025:09:21 00:09:17"/>
          <property name="System/FileSize" value="262443"/>
        </meta>
      </photo>
    </camera>
    <camera camera_id="37">
      <photo path="../../../frames/frame_0185.jpg">
        <meta>
          <property name="File/ImageHeight" value="1080"/>
          <property name="File/ImageWidth" value="1920"/>
          <property name="System/FileModifyDate" value="2025:09:21 00:09:17"/>
          <property name="System/FileSize" value="290228"/>
        </meta>
      </photo>
    </camera>
    <camera camera_id="38">
      <photo path="../../../frames/frame_0190.jpg">
        <meta>
          <property name="File/ImageHeight" value="1080"/>
          <property name="File/ImageWidth" value="1920"/>
          <property name="System/FileModifyDate" value="2025:09:21 00:09:17"/>
          <property name="System/FileSize" value="304689"/>
        </meta>
      </photo>
    </camera>
    <camera camera_id="39">
      <photo path="../../../frames/frame_0195.jpg">
        <meta>
          <property name="File/ImageHeight" value="1080"/>
          <property name="File/ImageWidth" value="1920"/>
          <property name="System/FileModifyDate" value="2025:09:21 00:09:18"/>
          <property name="System/FileSize" value="327369"/>
        </meta>
      </photo>
    </camera>
    <camera camera_id="40">
      <photo path="../../../frames/frame_0200.jpg">
        <meta>
          <property name="File/ImageHeight" value="1080"/>
          <property name="File/ImageWidth" value="1920"/>
          <property name="System/FileModifyDate" value="2025:09:21 00:09:18"/>
          <property name="System/FileSize" value="363286"/>
        </meta>
      </photo>
    </camera>
    <camera camera_id="41">
      <photo path="../../../frames/frame_0205.jpg">
        <meta>
          <property name="File/ImageHeight" value="1080"/>
          <property name="File/ImageWidth" value="1920"/>
          <property name="System/FileModifyDate" value="2025:09:21 00:09:18"/>
          <property name="System/FileSize" value="326669"/>
        </meta>
      </photo>
    </camera>
    <camera camera_id="42">
      <photo path="../../../frames/frame_0210.jpg">
        <meta>
          <property name="File/ImageHeight" value="1080"/>
          <property name="File/ImageWidth" value="1920"/>
          <property name="System/FileModifyDate" value="2025:09:21 00:09:18"/>
          <property name="System/FileSize" value="388235"/>
        </meta>
      </photo>
    </camera>
    <camera camera_id="43">
      <photo path="../../../frames/frame_0215.jpg">
        <meta>
          <property name="File/ImageHeight" value="1080"/>
          <property name="File/ImageWidth" value="1920"/>
          <property name="System/FileModifyDate" value="2025:09:21 00:09:18"/>
          <property name="System/FileSize" value="419227"/>
        </meta>
      </photo>
    </camera>
    <camera camera_id="44">
      <photo path="../../../frames/frame_0220.jpg">
        <meta>
          <property name="File/ImageHeight" value="1080"/>
          <property name="File/ImageWidth" value="1920"/>
          <property name="System/FileModifyDate" value="2025:09:21 00:09:18"/>
          <property name="System/FileSize" value="392694"/>
        </meta>
      </photo>
    </camera>
    <camera camera_id="45">
      <photo path="../../../frames/frame_0225.jpg">
        <meta>
          <property name="File/ImageHeight" value="1080"/>
          <property name="File/ImageWidth" value="1920"/>
          <property name="System/FileModifyDate" value="2025:09:21 00:09:19"/>
          <property name="System/FileSize" value="392575"/>
        </meta>
      </photo>
    </camera>
    <camera camera_id="46">
      <photo path="../../../frames/frame_0230.jpg">
        <meta>
          <property name="File/ImageHeight" value="1080"/>
          <property name="File/ImageWidth" value="1920"/>
          <property name="System/FileModifyDate" value="2025:09:21 00:09:19"/>
          <property name="System/FileSize" value="349543"/>
        </meta>
      </photo>
    </camera>
    <camera camera_id="47">
      <photo path="../../../frames/frame_0235.jpg">
        <meta>
          <property name="File/ImageHeight" value="1080"/>
          <property name="File/ImageWidth" value="1920"/>
          <property name="System/FileModifyDate" value="2025:09:21 00:09:19"/>
          <property name="System/FileSize" value="356823"/>
        </meta>
      </photo>
    </camera>
    <camera camera_id="48">
      <photo path="../../../frames/frame_0240.jpg">
        <meta>
          <property name="File/ImageHeight" value="1080"/>
          <property name="File/ImageWidth" value="1920"/>
          <property name="System/FileModifyDate" value="2025:09:21 00:09:19"/>
          <property name="System/FileSize" value="410039"/>
        </meta>
      </photo>
    </camera>
    <camera camera_id="49">
      <photo path="../../../frames/frame_0245.jpg">
        <meta>
          <property name="File/ImageHeight" value="1080"/>
          <property name="File/ImageWidth" value="1920"/>
          <property name="System/FileModifyDate" value="2025:09:21 00:09:19"/>
          <property name="System/FileSize" value="345112"/>
        </meta>
      </photo>
    </camera>
    <camera camera_id="50">
      <photo path="../../../frames/frame_0250.jpg">
        <meta>
          <property name="File/ImageHeight" value="1080"/>
          <property name="File/ImageWidth" value="1920"/>
          <property name="System/FileModifyDate" value="2025:09:21 00:09:19"/>
          <property name="System/FileSize" value="281256"/>
        </meta>
      </photo>
    </camera>
    <camera camera_id="51">
      <photo path="../../../frames/frame_0255.jpg">
        <meta>
          <property name="File/ImageHeight" value="1080"/>
          <property name="File/ImageWidth" value="1920"/>
          <property name="System/FileModifyDate" value="2025:09:21 00:09:20"/>
          <property name="System/FileSize" value="332044"/>
        </meta>
      </photo>
    </camera>
    <camera camera_id="52">
      <photo path="../../../frames/frame_0260.jpg">
        <meta>
          <property name="File/ImageHeight" value="1080"/>
          <property name="File/ImageWidth" value="1920"/>
          <property name="System/FileModifyDate" value="2025:09:21 00:09:20"/>
          <property name="System/FileSize" value="339490"/>
        </meta>
      </photo>
    </camera>
    <camera camera_id="53">
      <photo path="../../../frames/frame_0265.jpg">
        <meta>
          <property name="File/ImageHeight" value="1080"/>
          <property name="File/ImageWidth" value="1920"/>
          <property name="System/FileModifyDate" value="2025:09:21 00:09:20"/>
          <property name="System/FileSize" value="387149"/>
        </meta>
      </photo>
    </camera>
    <camera camera_id="54">
      <photo path="../../../frames/frame_0270.jpg">
        <meta>
          <property name="File/ImageHeight" value="1080"/>
          <property name="File/ImageWidth" value="1920"/>
          <property name="System/FileModifyDate" value="2025:09:21 00:09:20"/>
          <property name="System/FileSize" value="344774"/>
        </meta>
      </photo>
    </camera>
    <camera camera_id="55">
      <photo path="../../../frames/frame_0275.jpg">
        <meta>
          <property name="File/ImageHeight" value="1080"/>
          <property name="File/ImageWidth" value="1920"/>
          <property name="System/FileModifyDate" value="2025:09:21 00:09:20"/>
          <property name="System/FileSize" value="337125"/>
        </meta>
      </photo>
    </camera>
    <camera camera_id="56">
      <photo path="../../../frames/frame_0280.jpg">
        <meta>
          <property name="File/ImageHeight" value="1080"/>
          <property name="File/ImageWidth" value="1920"/>
          <property name="System/FileModifyDate" value="2025:09:21 00:09:20"/>
          <property name="System/FileSize" value="334974"/>
        </meta>
      </photo>
    </camera>
    <camera camera_id="57">
      <photo path="../../../frames/frame_0285.jpg">
        <meta>
          <property name="File/ImageHeight" value="1080"/>
          <property name="File/ImageWidth" value="1920"/>
          <property name="System/FileModifyDate" value="2025:09:21 00:09:21"/>
          <property name="System/FileSize" value="372201"/>
        </meta>
      </photo>
    </camera>
    <camera camera_id="58">
      <photo path="../../../frames/frame_0290.jpg">
        <meta>
          <property name="File/ImageHeight" value="1080"/>
          <property name="File/ImageWidth" value="1920"/>
          <property name="System/FileModifyDate" value="2025:09:21 00:09:21"/>
          <property name="System/FileSize" value="382251"/>
        </meta>
      </photo>
    </camera>
    <camera camera_id="59">
      <photo path="../../../frames/frame_0295.jpg">
        <meta>
          <property name="File/ImageHeight" value="1080"/>
          <property name="File/ImageWidth" value="1920"/>
          <property name="System/FileModifyDate" value="2025:09:21 00:09:21"/>
          <property name="System/FileSize" value="315152"/>
        </meta>
      </photo>
    </camera>
  </cameras>
  <thumbnails path="thumbnails.2/thumbnails.zip"/>
  <point_cloud path="point_cloud.2/point_cloud.zip"/>
  <depth_maps id="0" path="depth_maps.2/depth_maps.zip"/>
  <model id="0" path="model.2/model.zip"/>
</frame>
